steps,learning_rates_per_step
0,0.0
1,2.9999999999999997e-06
2,5.999999999999999e-06
3,8.999999999999999e-06
4,1.1999999999999999e-05
5,1.4999999999999999e-05
6,1.7999999999999997e-05
7,2.1e-05
8,2.3999999999999997e-05
9,2.6999999999999996e-05
10,2.9999999999999997e-05
11,3.2999999999999996e-05
12,3.5999999999999994e-05
13,3.9e-05
14,4.2e-05
15,4.4999999999999996e-05
16,4.7999999999999994e-05
17,5.1e-05
18,5.399999999999999e-05
19,5.6999999999999996e-05
20,5.9999999999999995e-05
21,6.299999999999999e-05
22,6.599999999999999e-05
23,6.9e-05
24,7.199999999999999e-05
25,7.5e-05
26,7.8e-05
27,8.1e-05
28,8.4e-05
29,8.699999999999999e-05
30,8.999999999999999e-05
31,9.3e-05
32,9.599999999999999e-05
33,9.9e-05
34,0.000102
35,0.00010499999999999999
36,0.00010799999999999998
37,0.00011099999999999999
38,0.00011399999999999999
39,0.000117
40,0.00011999999999999999
41,0.00012299999999999998
42,0.00012599999999999997
43,0.000129
44,0.00013199999999999998
45,0.000135
46,0.000138
47,0.00014099999999999998
48,0.00014399999999999998
49,0.000147
50,0.00015
51,0.00015299999999999998
52,0.000156
53,0.000159
54,0.000162
55,0.000165
56,0.000168
57,0.00017099999999999998
58,0.00017399999999999997
59,0.00017699999999999997
60,0.00017999999999999998
61,0.00018299999999999998
62,0.000186
63,0.00018899999999999999
64,0.00019199999999999998
65,0.000195
66,0.000198
67,0.000201
68,0.000204
69,0.00020699999999999996
70,0.00020999999999999998
71,0.00021299999999999997
72,0.00021599999999999996
73,0.00021899999999999998
74,0.00022199999999999998
75,0.000225
76,0.00022799999999999999
77,0.00023099999999999998
78,0.000234
79,0.000237
80,0.00023999999999999998
81,0.000243
82,0.00024599999999999996
83,0.000249
84,0.00025199999999999995
85,0.00025499999999999996
86,0.000258
87,0.000261
88,0.00026399999999999997
89,0.000267
90,0.00027
91,0.00027299999999999997
92,0.000276
93,0.000279
94,0.00028199999999999997
95,0.000285
96,0.00028799999999999995
97,0.00029099999999999997
98,0.000294
99,0.00029699999999999996
100,0.0003
101,0.00029999355892280363
102,0.00029997423624438077
103,0.0002999420336241831
104,0.0002998969538278046
105,0.0002998390007267447
106,0.00029976817929807536
107,0.00029968449562401377
108,0.0002995879568913999
109,0.00029947857139107963
110,0.0002993563485171922
111,0.0002992212987663638
112,0.00029907343373680614
113,0.0002989127661273201
114,0.00029873930973620534
115,0.00029855307946007525
116,0.00029835409129257774
117,0.0002981423623230213
118,0.0002979179107349079
119,0.00029768075580437084
120,0.00029743091789851973
121,0.00029716841847369103
122,0.0002968932800736056
123,0.00029660552632743235
124,0.0002963051819477592
125,0.00029599227272847063
126,0.0002956668255425325
127,0.00029532886833968404
128,0.0002949784301440378
129,0.00029461554105158664
130,0.0002942402322276193
131,0.000293852535904044
132,0.00029345248537661995
133,0.0002930401150020983
134,0.0002926154601952712
135,0.0002921785574259305
136,0.0002917294442157358
137,0.00029126815913499193
138,0.0002907947417993363
139,0.000290309232866337
140,0.00028981167403200096
141,0.00028930210802719295
142,0.000288780578613966
143,0.0002882471305818029
144,0.0002877018097437698
145,0.00028714466293258136
146,0.0002865757379965794
147,0.00028599508379562294
148,0.0002854027501968923
149,0.0002847987880706068
150,0.0002841832492856554
151,0.0002835561867051425
152,0.00028291765418184806
153,0.00028226770655360225
154,0.00028160639963857646
155,0.0002809337902304892
156,0.00028024993609372873
157,0.0002795548959583923
158,0.0002788487295152419
159,0.00027813149741057875
160,0.00027740326124103414
161,0.0002766640835482798
162,0.00027591402781365696
163,0.00027515315845272407
164,0.00027438154080972494
165,0.000273599241151977
166,0.0002728063266641801
167,0.0002720028654426465
168,0.00027118892648945303
169,0.00027036457970651466
170,0.00026952989588958166
171,0.00026868494672215926
172,0.0002678298047693517
173,0.00026696454347163023
174,0.00026608923713852546
175,0.0002652039609422463
176,0.00026430879091122377
177,0.00026340380392358135
178,0.00026248907770053316
179,0.00026156469079970877
180,0.0002606307226084066
181,0.00025968725333677624
182,0.0002587343640109299
183,0.00025777213646598367
184,0.0002568006533390294
185,0.00025581999806203814
186,0.0002548302548546943
187,0.0002538315087171634
188,0.0002528238454227916
189,0.00025180735151073984
190,0.0002507821142785516
191,0.00024974822177465555
192,0.0002487057627908041
193,0.00024765482685444785
194,0.0002465955042210467
195,0.0002455278858663187
196,0.0002444520634784271
197,0.00024336812945010585
198,0.00024227617687072497
199,0.000241176299518296
200,0.000240068591851418
201,0.0002389531490011655
202,0.00023783006676291862
203,0.000236699441588136
204,0.0002355613705760713
205,0.00023441595146543454
206,0.00023326328262599782
207,0.00023210346305014757
208,0.00023093659234438264
209,0.0002297627707207604
210,0.00022858209898829002
211,0.00022739467854427511
212,0.00022620061136560565
213,0.000225
214,0.0002237929475571979
215,0.00022257955770010567
216,0.00022135993463589306
217,0.0002201341831070442
218,0.00021890240838236207
219,0.00021766471624792778
220,0.00021642121299801593
221,0.0002151720054259654
222,0.00021391720081500828
223,0.00021265690692905617
224,0.00021139123200344522
225,0.00021012028473564067
226,0.00020884417427590214
227,0.00020756301021790935
228,0.00020627690258935032
229,0.0002049859618424719
230,0.00020369029884459428
231,0.0002023900248685892
232,0.0002010852515833242
233,0.0001997760910440719
234,0.00019846265568288692
235,0.00019714505829895003
236,0.00019582341204888075
237,0.0001944978304370193
238,0.00019316842730567898
239,0.0001918353168253691
240,0.00019049861348498972
241,0.00018915843208199964
242,0.00018781488771255718
243,0.00018646809576163565
244,0.00018511817189311407
245,0.0001837652320398437
246,0.00018240939239369167
247,0.00018105076939556235
248,0.0001796894797253973
249,0.00017832564029215446
250,0.00017695936822376818
251,0.00017559078085709
252,0.00017421999572781157
253,0.00017284713056037074
254,0.00017147230325784122
255,0.00017009563189180675
256,0.00016871723469222128
257,0.00016733723003725513
258,0.00016595573644312834
259,0.00016457287255393287
260,0.00016318875713144284
261,0.00016180350904491535
262,0.00016041724726088185
263,0.00015903009083293137
264,0.00015764215889148555
265,0.00015625357063356823
266,0.0001548644453125681
267,0.0001534749022279977
268,0.00015208506071524725
269,0.0001506950401353365
270,0.0001493049598646635
271,0.00014791493928475273
272,0.00014652509777200227
273,0.0001451355546874319
274,0.00014374642936643177
275,0.00014235784110851448
276,0.00014096990916706863
277,0.0001395827527391181
278,0.00013819649095508468
279,0.0001368112428685572
280,0.0001354271274460671
281,0.00013404426355687166
282,0.00013266276996274487
283,0.00013128276530777872
284,0.00012990436810819323
285,0.00012852769674215876
286,0.00012715286943962924
287,0.00012578000427218843
288,0.00012440921914290998
289,0.0001230406317762318
290,0.00012167435970784551
291,0.00012031052027460272
292,0.00011894923060443762
293,0.0001175906076063083
294,0.00011623476796015631
295,0.00011488182810688592
296,0.0001135319042383643
297,0.00011218511228744282
298,0.00011084156791800034
299,0.00010950138651501029
300,0.00010816468317463092
301,0.00010683157269432096
302,0.0001055021695629807
303,0.00010417658795111924
304,0.00010285494170104993
305,0.00010153734431711307
306,0.00010022390895592812
307,9.891474841667585e-05
308,9.760997513141079e-05
309,9.630970115540571e-05
310,9.501403815752812e-05
311,9.372309741064968e-05
312,9.243698978209063e-05
313,9.115582572409788e-05
314,8.987971526435932e-05
315,8.860876799655484e-05
316,8.734309307094381e-05
317,8.60827991849917e-05
318,8.482799457403465e-05
319,8.357878700198407e-05
320,8.233528375207219e-05
321,8.109759161763796e-05
322,7.986581689295577e-05
323,7.864006536410696e-05
324,7.74204422998943e-05
325,7.620705244280208e-05
326,7.500000000000002e-05
327,7.379938863439431e-05
328,7.260532145572486e-05
329,7.141790101171e-05
330,7.023722927923958e-05
331,6.906340765561734e-05
332,6.789653694985245e-05
333,6.673671737400213e-05
334,6.558404853456545e-05
335,6.443862942392864e-05
336,6.3300558411864e-05
337,6.216993323708138e-05
338,6.10468509988345e-05
339,5.993140814858203e-05
340,5.882370048170402e-05
341,5.7723823129274996e-05
342,5.663187054989416e-05
343,5.554793652157289e-05
344,5.4472114133681296e-05
345,5.3404495778953324e-05
346,5.234517314555212e-05
347,5.129423720919587e-05
348,5.025177822534448e-05
349,4.92178857214484e-05
350,4.8192648489260137e-05
351,4.717615457720835e-05
352,4.616849128283657e-05
353,4.5169745145305655e-05
354,4.4180001937961815e-05
355,4.319934666097054e-05
356,4.222786353401635e-05
357,4.1265635989070055e-05
358,4.031274666322372e-05
359,3.936927739159336e-05
360,3.843530920029121e-05
361,3.751092229946681e-05
362,3.6596196076418624e-05
363,3.569120908877626e-05
364,3.47960390577537e-05
365,3.391076286147453e-05
366,3.303545652836978e-05
367,3.217019523064825e-05
368,3.1315053277840704e-05
369,3.0470104110418357e-05
370,2.9635420293485297e-05
371,2.8811073510546946e-05
372,2.799713455735347e-05
373,2.7193673335819886e-05
374,2.640075884802299e-05
375,2.5618459190275065e-05
376,2.4846841547275915e-05
377,2.4085972186343006e-05
378,2.333591645172012e-05
379,2.2596738758965848e-05
380,2.1868502589421237e-05
381,2.115127048475805e-05
382,2.0445104041607742e-05
383,1.975006390627126e-05
384,1.9066209769510783e-05
385,1.8393600361423534e-05
386,1.773229344639772e-05
387,1.7082345818151977e-05
388,1.644381329485745e-05
389,1.5816750714344566e-05
390,1.5201211929393164e-05
391,1.4597249803107669e-05
392,1.4004916204377065e-05
393,1.3424262003420572e-05
394,1.2855337067418574e-05
395,1.2298190256230234e-05
396,1.1752869418197053e-05
397,1.1219421386033955e-05
398,1.0697891972807016e-05
399,1.0188325967999039e-05
400,9.690767133662975e-06
401,9.205258200663684e-06
402,8.731840865008067e-06
403,8.270555784264166e-06
404,7.821442574069486e-06
405,7.384539804728812e-06
406,6.9598849979017044e-06
407,6.547514623380018e-06
408,6.147464095955967e-06
409,5.759767772380647e-06
410,5.384458948413356e-06
411,5.021569855962188e-06
412,4.671131660315908e-06
413,4.333174457467481e-06
414,4.007727271529354e-06
415,3.6948180522408e-06
416,3.394473672567655e-06
417,3.106719926394413e-06
418,2.8315815263089348e-06
419,2.569082101480258e-06
420,2.319244195629122e-06
421,2.0820892650920685e-06
422,1.857637676978646e-06
423,1.6459087074222276e-06
424,1.4469205399246842e-06
425,1.2606902637946336e-06
426,1.0872338726798824e-06
427,9.265662631938397e-07
428,7.787012336361587e-07
429,6.436514828077999e-07
430,5.214286089203546e-07
431,4.1204310860004087e-07
432,3.155043759862086e-07
433,2.3182070192460102e-07
434,1.609992732552412e-07
435,1.0304617219535904e-07
436,5.796637581689245e-08
437,2.5763755619179205e-08
438,6.441077196389644e-09
439,0.0
