epoch,train loss,train acc,val loss,val acc
0,1.4504298546018393,0.27159367396593675,1.348356420653207,0.35892857142857143
1,1.3452207859415208,0.3423053527980535,1.3415896279471262,0.35714285714285715
2,1.3349070653428126,0.3450273722627737,1.3570172020367213,0.2883928571428571
3,1.3287243373202582,0.3463959854014598,1.3224849258150373,0.3651785714285714
4,1.3105505878907922,0.377235401459854,1.2981272050312587,0.4017857142857143
5,1.2943365443361936,0.38751520681265206,1.2867447495460511,0.38571428571428573
6,1.231730518114828,0.4352189781021898,1.1098214524132866,0.4955357142857143
7,1.1303621761120148,0.5050638686131387,1.1699014127254486,0.47946428571428573
8,1.0567270530401356,0.5367548661800486,0.978478513445173,0.5875
9,0.973485994077947,0.5924422141119222,0.8551333495548793,0.6571428571428571
10,0.9624751405994387,0.5894312652068127,0.9325674550873893,0.6071428571428571
11,0.9342569360767838,0.6061587591240876,0.8503793248108455,0.6455357142857143
12,0.8959846527036959,0.6328315085158152,0.956740613920348,0.6080357142857142
13,0.8798663870696604,0.6359489051094891,0.7641675744737898,0.6910714285714286
14,0.8555507024709326,0.6469282238442822,0.880771815776825,0.6455357142857143
15,0.8199952919117726,0.662956204379562,0.7354681594031197,0.6892857142857143
16,0.8057107899310815,0.672779805352798,0.7263190644127983,0.7098214285714286
17,0.8110088157827837,0.666757907542579,0.697882890701294,0.7107142857142857
18,0.7876834756266462,0.6807785888077859,0.8626884860651833,0.6410714285714286
19,0.7791996071808529,0.6756995133819952,0.6988658266408103,0.7196428571428571
20,0.7807865299447609,0.6855839416058394,0.7229177509035383,0.6830357142857143
21,0.7686719065600068,0.7010492700729927,0.7102577017886298,0.7125
22,0.7421239629714158,0.7042731143552311,0.7662226327827999,0.6803571428571429
23,0.7357588725803542,0.7070103406326034,0.690614857843944,0.7232142857142857
24,0.7012515137665463,0.7180048661800487,0.6977648752076285,0.7169642857142857
25,0.7097423431212014,0.7183394160583941,0.7101015772138323,0.7285714285714285
26,0.6878148075872964,0.7239507299270074,0.6212794073990413,0.7482142857142857
27,0.7037335784330855,0.7179440389294404,0.6978766684021268,0.7339285714285714
28,0.6585278859103683,0.7384276155717762,0.686579293012619,0.7366071428571429
29,0.6495986730947981,0.7451186131386861,0.5999949829918998,0.7544642857142857
30,0.6261712240911749,0.7528284671532847,0.6049769082239695,0.78125
31,0.6191705859055484,0.7530869829683698,0.6414593040943146,0.7508928571428571
32,0.6024173563414247,0.7601733576642336,0.5547014274767467,0.7919642857142857
33,0.606172167906796,0.7578315085158152,0.6247865404401507,0.7633928571428571
34,0.6060494955656303,0.7577706812652067,0.590265070114817,0.7625
35,0.5819466392489245,0.7722323600973237,0.5792778832571847,0.7696428571428572
36,0.5777935672850505,0.7731143552311436,0.5424793941634042,0.79375
37,0.545438371218034,0.7839416058394161,0.48425623817103247,0.8223214285714285
38,0.5524288896661605,0.7829987834549877,0.5091413847037725,0.8178571428571428
39,0.5503174845319595,0.7836526763990268,0.5385987779923848,0.7955357142857142
40,0.5515235634180751,0.7841697080291972,0.4468249891485487,0.8321428571428572
41,0.5113817280443915,0.8010340632603405,0.45179761265005386,0.8383928571428572
42,0.513334044030983,0.7999239659367396,0.5228273638657162,0.8098214285714286
43,0.5164877509113646,0.8000760340632603,0.4260540915387017,0.8419642857142857
44,0.49818390847122584,0.806706204379562,0.5101717029299054,0.8142857142857143
45,0.5017930847884965,0.8007299270072993,0.4366256622331483,0.83125
46,0.4909181847189465,0.8091697080291971,0.4472039222717285,0.8267857142857142
47,0.46686045847234936,0.815860705596107,0.42125888083662305,0.8339285714285715
48,0.47540271260442524,0.8112682481751825,0.4752149988498007,0.8294642857142858
49,0.4574677167582686,0.8231447688564476,0.47390850271497453,0.8116071428571429
50,0.46620983157279716,0.8160431873479319,0.4666196929556983,0.8169642857142857
51,0.4480470239463514,0.8320255474452555,0.44938284435442516,0.8375
52,0.4491569784870983,0.8231751824817519,0.42034073642321995,0.8446428571428571
53,0.4275728269432583,0.8293339416058395,0.4433853458080973,0.8455357142857143
54,0.44719228007062506,0.8304288321167883,0.44560732649905344,0.8392857142857143
55,0.40733505230750483,0.8438564476885645,0.3952899343201092,0.8678571428571429
56,0.41030706574011894,0.8438564476885645,0.39600913247891834,0.8473214285714286
57,0.3872977122120614,0.8461374695863747,0.41010814436844417,0.8383928571428572
58,0.3884906573832905,0.84911800486618,0.4582849142806871,0.8303571428571429
59,0.39123238372976765,0.8482664233576642,0.4410830064543656,0.8330357142857143
60,0.41367724505219144,0.8404653284671533,0.43390574902296064,0.8375
61,0.3782907371973469,0.8512469586374696,0.3752732041691031,0.8589285714285714
62,0.35754868959205865,0.8651307785888077,0.4071629907403673,0.8544642857142857
63,0.37018561529090804,0.8523266423357664,0.3942863937999521,0.8419642857142857
64,0.3564448566549886,0.8653132603406326,0.40268008410930634,0.8526785714285714
65,0.3654003628685962,0.8557633819951338,0.3766801922449044,0.8473214285714286
66,0.3520224862290125,0.8601125304136252,0.42111071688788276,0.8517857142857143
67,0.3472582129013799,0.8712895377128953,0.4218209500823702,0.8455357142857143
68,0.3397329882548673,0.8697232360097323,0.39614116443055014,0.8544642857142857
69,0.31879576170531504,0.8802007299270074,0.36496375698064054,0.8714285714285714
70,0.3121705035386729,0.8736161800486618,0.3885536424815655,0.8455357142857143
71,0.3337378655798244,0.8710918491484185,0.3619112889681544,0.8625
72,0.3165154585438053,0.8783150851581508,0.4022514933986323,0.8508928571428571
73,0.3040495121674816,0.8840024330900244,0.38593185591910567,0.8598214285714286
74,0.3050114797414654,0.8852341849148418,0.39009730241128376,0.8625
75,0.2912517545105767,0.8895529197080292,0.3950689230646406,0.8598214285714286
76,0.29372627279945535,0.8836222627737227,0.37219028579337254,0.8625
77,0.28836414571443614,0.8920316301703163,0.3575751055564199,0.8678571428571429
78,0.28489018345836303,0.8920772506082726,0.35838608773691316,0.86875
79,0.2807918349212974,0.8920468369829683,0.3921713262796402,0.85625
80,0.2767687551405308,0.8983880778588808,0.3588193692266941,0.86875
81,0.28059834633430425,0.8911496350364964,0.36643679620964187,0.8678571428571429
82,0.28955447032068765,0.8952858880778589,0.35804675349167414,0.8705357142857143
83,0.28284388508674874,0.8947536496350365,0.359773668221065,0.8651785714285715
84,0.26516074763379827,0.9016423357664234,0.34841637350618837,0.8785714285714286
85,0.27371422345512103,0.8952554744525548,0.3423289594905717,0.8803571428571428
86,0.25373830121472807,0.9048205596107055,0.3495523342064449,0.8821428571428571
87,0.2523010917769296,0.9039385644768857,0.35025034216897827,0.8696428571428572
88,0.23673292155629092,0.9100821167883212,0.35131781590836386,0.8803571428571428
89,0.24489261275225313,0.90757299270073,0.34509557794247353,0.8767857142857143
90,0.25105122256561785,0.9098996350364964,0.3373412379196712,0.8803571428571428
91,0.2318095284765654,0.9125456204379562,0.3534087234309741,0.8794642857142857
92,0.25122921685450267,0.9003193430656934,0.3523942820727825,0.8821428571428571
93,0.2449710010584906,0.9144008515815085,0.35014520755835943,0.8776785714285714
94,0.24318962573434097,0.9062195863746959,0.3451088681817055,0.8785714285714286
95,0.24991175333840132,0.9059458637469586,0.3478069570447717,0.8767857142857143
96,0.23029576429594173,0.9153284671532848,0.34512987413576673,0.8776785714285714
97,0.24727099122357193,0.906903892944039,0.3466569510953767,0.8785714285714286
98,0.24418963818219455,0.9050486618004866,0.3465433467711721,0.8785714285714286
99,0.2533169824657214,0.906675790754258,0.34656413378460066,0.8785714285714286
